"id","birth_day","firstname","lastname"
fb08029c-4d75-49bc-9be8-476a6cb455b8,1974-11-26,Tressa,Rosenbaum
82134218-0f6d-41e0-acba-7bd77ddf91d6,1982-02-25,Micaela,Cronin
9521998e-2daf-4eaa-a907-264d05b443a9,1991-07-04,Naoma,Schumm
be0db924-b39e-4aef-bc25-fdcaf10115bd,1985-05-22,Alyce,Hartmann
d444e7a8-f335-406f-b47c-e4c6f9014ac1,1977-10-02,Buck,Lakin
3a3d171b-4aef-4b32-9ed0-c231c2493024,1987-03-02,Micki,O'Connell
3c39842d-372f-4235-a57b-9846b4eb9c7a,1986-10-29,Dewey,Dach
d9b68548-9379-4689-a30c-5e668002334d,1973-06-25,Alonzo,Jones
d37088f4-5470-4983-b1a7-43e1569ab3f0,1983-11-13,Carmel,Brown
de7052c0-6fea-4c22-a8cd-d4ca21a128fd,1993-12-21,Carrol,Jakubowski
